{
  "confusion_matrix": {
    "labels": [
      "phishing",
      "legitimate"
    ],
    "matrix": [
      [
        92,
        16
      ],
      [
        1,
        81
      ]
    ]
  },
  "metrics": {
    "phishing": {
      "precision": 0.989247311827957,
      "recall": 0.8518518518518519,
      "f1-score": 0.9154228855721394,
      "support": 108.0
    },
    "legitimate": {
      "precision": 0.8350515463917526,
      "recall": 0.9878048780487805,
      "f1-score": 0.9050279329608939,
      "support": 82.0
    },
    "accuracy": 0.9105263157894737,
    "macro avg": {
      "precision": 0.9121494291098549,
      "recall": 0.9198283649503162,
      "f1-score": 0.9102254092665166,
      "support": 190.0
    },
    "weighted avg": {
      "precision": 0.9226996656923321,
      "recall": 0.9105263157894737,
      "f1-score": 0.9109366428662334,
      "support": 190.0
    }
  }
}